PAIS;Equipo;Marca;Site;Ubicación;Device Name;IP;;;;;;;;;;;;;;;;;
Argentina;Router;Cisco;CD Cordoba;C. Cómputos;RO2821CBA-CD;10.133.38.11;;;;;;;;;;;;;;;;;
Argentina;Switch;Cisco;CD Cordoba;C. Cómputos;SWCBACPD02-CD;10.133.38.12;;;;;;;;;;;;;;;;;
Argentina;Router;Cisco;CD Liderma;Centro Computos;ROROSLid-2821;10.133.31.10;;;;;;;;;;;;;;;;;
Argentina;Switch;Cisco;CD Liderma;Centro Computos;SWLIDRos-01;10.133.31.11;;;;;;;;;;;;;;;;;
Argentina;Router;Cisco;CD Rosario;Centro de computos;RO2851ROS;10.133.41.10;;;;;;;;;;;;;;;;;
Argentina;Switch;Cisco;CD Rosario;Centro de computos;SWRCPD0111;10.133.41.11;;;;;;;;;;;;;;;;;
Argentina;Switch;Cisco;CD Rosario;Centro de computos;SWRCPD0112;10.133.41.12;;;;;;;;;;;;;;;;;
Argentina;Switch;Cisco;CD Rosario;Centro de computos;SWRCPD0213;10.133.41.13;;;;;;;;;;;;;;;;;
Argentina;Switch;Cisco;CD Rosario;Logistica;SWRLOG14;10.133.41.14;;;;;;;;;;;;;;;;;
Argentina;Switch;Cisco;CD Rosario;Logistica;SWRLOG115;10.133.41.15;;;;;;;;;;;;;;;;;
Argentina;Router;Cisco;CD Santa Fe;Centro Computos;RO2821STF-CD;10.133.40.10;;;;;;;;;;;;;;;;;
Argentina;Switch;Cisco;CD Santa Fe;Centro Computos;SWSTFCD01-CPD;10.133.40.11;;;;;;;;;;;;;;;;;
Argentina;Switch;Cisco;CD Santa Fe;Centro Computos;SWSTFCD-02;10.133.40.12;;;;;;;;;;;;;;;;;
Argentina;Routers;Cisco;Planta Cordoba;Centro de computos;RO2851CBAP;10.133.26.10;;;;;;;;;;;;;;;;;
Argentina;Switch;Cisco;Planta Cordoba;Centro de computos;SWCBACPD01-PT;10.133.26.11;;;;;;;;;;;;;;;;;
Argentina;Switch;Cisco;Planta Cordoba;Centro de computos;SWCBACPD02-PT;10.133.26.12;;;;;;;;;;;;;;;;;
Argentina;Switch;Cisco;Planta Cordoba;Centro de computos;SWCBACPD03-PT;10.133.26.13;;;;;;;;;;;;;;;;;
Argentina;Switch;Cisco;Planta Cordoba;Logistica;SWCBALOG-PT;10.133.26.17;;;;;;;;;;;;;;;;;
Argentina;Switch;Cisco;Planta Cordoba;Mantenimiento;SWCBAMAN-PT;10.133.26.15;;;;;;;;;;;;;;;;;
Argentina;Switch;Cisco;Planta Cordoba;Soplado;SWCBASOP-PT;10.133.26.16;;;;;;;;;;;;;;;;;
Argentina;Switch;Cisco;Planta Cordoba;Vigilancia;SWCBAVIG-PT;10.133.26.14;;;;;;;;;;;;;;;;;
Argentina;Router;Cisco;Planta Corrientes;Centro de Computos;RO3825CRP;10.133.18.10;;;;;;;;;;;;;;;;;
Argentina;Switch;Cisco;Planta Corrientes;Centro de Computos;SWCRPCPD01;10.133.18.11;;;;;;;;;;;;;;;;;
Argentina;Switch;Cisco;Planta Corrientes;Centro de Computos;SWCRPCPD02;10.133.18.12;;;;;;;;;;;;;;;;;
Argentina;Switch;Cisco;Planta Corrientes;Comedor;SWCRPCOMED;10.133.18.13;;;;;;;;;;;;;;;;;
Argentina;Switch;Cisco;Planta Corrientes;Deposito;SWCRPDEP;10.133.18.19;;;;;;;;;;;;;;;;;
Argentina;Switch;Cisco;Planta Corrientes;Elaboracion;SWCRPELAB01;10.133.18.17;;;;;;;;;;;;;;;;;
Argentina;Switch;Cisco;Planta Corrientes;Elaboracion;SWCRPELAB02;10.133.18.18;;;;;;;;;;;;;;;;;
Argentina;Switch;Cisco;Planta Corrientes;Logistica;SWCRPLOG-21;10.133.18.21;;;;;;;;;;;;;;;;;
Argentina;Switch;Cisco;Planta Corrientes;Movimiento;SWCRPMOV;10.133.18.20;;;;;;;;;;;;;;;;;
Argentina;Switch;Cisco;Planta Corrientes;Porteria;SWCRPPORT;10.133.18.23;;;;;;;;;;;;;;;;;
Argentina;Switch;Cisco;Planta Corrientes;Ventas;SWCRPVEN01;10.133.18.14;;;;;;;;;;;;;;;;;
Argentina;Switch;Cisco;Planta Corrientes;Ventas;SWCRPVEN02;10.133.18.15;;;;;;;;;;;;;;;;;
Argentina;Router;Cisco;Planta Mendoza;Centro Computos;RO3825MZA;10.133.14.10;;;;;;;;;;;;;;;;;
Argentina;Switch;Cisco;Planta Mendoza;Centro Computos;SWMZACPD01;10.133.14.11;;;;;;;;;;;;;;;;;
Argentina;Switch;Cisco;Planta Mendoza;Mantenimiento;SWMZAMANT-1;10.133.14.12;;;;;;;;;;;;;;;;;
Argentina;Switch;Cisco;Planta Mendoza;Mantenimiento;SWMZAMANT-2;10.133.14.26;;;;;;;;;;;;;;;;;
Argentina;Switch;Cisco;Planta Quilmes;CPD;SW3750-0;10.133.0.10;;;;;;;;;;;;;;;;;
Argentina;Router;Cisco;Planta Quilmes;CPD;RO3845QC;10.133.0.17;;;;;;;;;;;;;;;;;
Argentina;Switch;Cisco;Planta Quilmes;CPD;SW3750-6;10.133.0.22;;;;;;;;;;;;;;;;;
Argentina;Switch;Cisco;Planta Quilmes;CPD Recovery;SWR3750-0;10.133.0.11;;;;;;;;;;;;;;;;;
Argentina;Router;Cisco;Planta Quilmes;CPD Recovery;ROR3845QC;10.133.0.18;;;;;;;;;;;;;;;;;
Argentina;Switch;Cisco;Planta Quilmes;CPD Recovery;SWR3750-6;10.133.0.34;;;;;;;;;;;;;;;;;
Argentina;Switch;Cisco;Planta Quilmes;CSC;SWQEDNPBAUD-93;10.133.0.93;;;;;;;;;;;;;;;;;
Argentina;Switch;Cisco;Planta Quilmes;CSC;SW2950-220;10.133.0.220;;;;;;;;;;;;;;;;;
Argentina;Switch;Cisco;Planta Quilmes;Mancom Sistemas Finanzas;SWQEDN202;10.133.0.202;;;;;;;;;;;;;;;;;
Argentina;router;Cisco;Planta Tunuyan;Centro de computos;ROTUN4210;10.133.42.10;;;;;;;;;;;;;;;;;
Argentina;Switch;Cisco;Planta Tunuyan;Centro de computos;SWTUN11-CPD;10.133.42.11;;;;;;;;;;;;;;;;;
Argentina;Switch;Cisco;Planta Tunuyan;Centro de computos;SWTUN12-CPD;10.133.42.12;;;;;;;;;;;;;;;;;
Argentina;Switch;Cisco;Planta Tunuyan;Centro de computos;SWTUN13-CPD;10.133.42.13;;;;;;;;;;;;;;;;;
Argentina;Switch;Cisco;Planta Tunuyan;Operaciones;SWTUN14-OPERACIONES;10.133.42.14;;;;;;;;;;;;;;;;;
Argentina;Switch;Cisco;Planta Tunuyan;Hidroteca;SWTUN15-HIDROTECA;10.133.42.15;;;;;;;;;;;;;;;;;
Argentina;Switch;Cisco;Planta Tunuyan;Filtros;SWTUN16-FILTROS;10.133.42.16;;;;;;;;;;;;;;;;;
Argentina;Switch;Cisco;Planta Tunuyan;Mantenimiento;SWTUN17-MANTENIMIENTO;10.133.42.17;;;;;;;;;;;;;;;;;
Argentina;Switch;Cisco;Tres Arroyos;Caladora;SWMTACALA-17;10.133.46.17;;;;;;;;;;;;;;;;;
Argentina;Router;Cisco;Tres Arroyos;Centro de Computos;RO2851MTA;10.133.46.10;;;;;;;;;;;;;;;;;
Argentina;Switch;Cisco;Tres Arroyos;Centro de Computos;SWMTACPD00-11;10.133.46.11;;;;;;;;;;;;;;;;;
Argentina;Switch;Cisco;Tres Arroyos;Centro de Computos;SWMTACPD00-12;10.133.46.12;;;;;;;;;;;;;;;;;
Argentina;Switch;Cisco;Tres Arroyos;Centro de Computos;SWMTACPD02-13;10.133.46.13;;;;;;;;;;;;;;;;;
Argentina;Switch;Cisco;Tres Arroyos;Centro de Computos;SWMTACPD03-14;10.133.46.14;;;;;;;;;;;;;;;;;
Argentina;Switch;Cisco;Tres Arroyos;Malteria;SWMTAMALT-19;10.133.46.19;;;;;;;;;;;;;;;;;
Argentina;Switch;Cisco;Tres Arroyos;Obrador;SWMTAOBRA-15;10.133.46.15;;;;;;;;;;;;;;;;;
Argentina;Switch;Cisco;Tres Arroyos;Porteria;SWMTAPORT-16;10.133.46.16;;;;;;;;;;;;;;;;;
Argentina;Switch;Cisco;Tres Arroyos;Porteria Ameghino;SWMTAPort-Ameguino;10.133.46.23;;;;;;;;;;;;;;;;;
Argentina;Switch;Cisco;Tres Arroyos;Servicio;SWMTASERV-18;10.133.46.18;;;;;;;;;;;;;;;;;
Argentina;Switch;Cisco;Tres Arroyos;Servicio;SWMTASERV-2;10.133.46.22;;;;;;;;;;;;;;;;;
Argentina;Switch;Cisco;Tres Arroyos;Silo;SWMTASILO-20;10.133.46.20;;;;;;;;;;;;;;;;;
Argentina;Switch;Cisco;Planta Nestle;Caja;SW-CAJA;10.133.28.18;;;;;;;;;;;;;;;;;
Argentina;Router;Cisco;Planta Nestle;Centro Computos;RO1800NST;10.133.28.10;;;;;;;;;;;;;;;;;
Argentina;Switch;Cisco;Planta Nestle;Centro Computos;SWNSTCPD00;10.133.28.11;;;;;;;;;;;;;;;;;
Argentina;Switch;Cisco;Planta Nestle;Centro Computos;SW-CPD01;10.133.28.12;;;;;;;;;;;;;;;;;
Argentina;Switch;Cisco;Planta Nestle;Centro Computos;SW-CPD02;10.133.28.13;;;;;;;;;;;;;;;;;
Argentina;Switch;Cisco;Planta Nestle;Centro Computos;SW-CPD04;10.133.28.14;;;;;;;;;;;;;;;;;
Argentina;Switch;Cisco;Planta Nestle;Despacho;SW-DESPACHO;10.133.28.16;;;;;;;;;;;;;;;;;
Argentina;Switch;Cisco;Planta Nestle;Logistica;SW-Prod2815;10.133.28.15;;;;;;;;;;;;;;;;;
Argentina;Switch;Cisco;Planta Nestle;Planta;SW-Prod2819;10.133.28.19;;;;;;;;;;;;;;;;;
Argentina;Switch;Cisco;Planta Nestle;Produccion;SW-LOGISTICA;10.133.28.17;;;;;;;;;;;;;;;;;
Argentina;Switch;Cisco;Planta Nestle;Produccion;SW-PLANTA-NWA;10.133.28.20;;;;;;;;;;;;;;;;;
Argentina;Switch;Cisco;Planta Nestle;Produccion;SW-BACKUP1;10.133.28.22;;;;;;;;;;;;;;;;;
Argentina;Router;Cisco;Ventas Cordoba;Centro Computos;RO2851OVCBA;10.133.39.10;;;;;;;;;;;;;;;;;
Argentina;Switch;Cisco;Ventas Cordoba;Centro Computos;SWCBACPD01-OV;10.133.39.11;;;;;;;;;;;;;;;;;
Argentina;Switch;Cisco;Ventas Cordoba;Centro Computos;SWCBACPD02-OV;10.133.39.12;;;;;;;;;;;;;;;;;
Argentina;Switch;Cisco;Ventas Cordoba;Centro Computos;SWCBACPD03-OV;10.133.39.13;;;;;;;;;;;;;;;;;
Argentina;Switch;Cisco;Planta Cordoba;Vigilancia;SWCBACYP;10.133.26.18;;;;;;;;;;;;;;;;;
Argentina;Switch;Cisco;Planta Tunuyan;Porteria;SWTUN18-PORTERIA;10.133.42.18;;;;;;;;;;;;;;;;;
Argentina;Switch;Cisco;Planta Mendoza;Balanza;SWMZABALAN;10.133.14.17;;;;;;;;;;;;;;;;;
Argentina;Switch;Cisco;Planta Mendoza;Balanza;SWMZABALAN2;10.133.14.23;;;;;;;;;;;;;;;;;
Argentina;Switch;Cisco;Planta Mendoza;Botelleria;SWMZABOT;10.133.14.22;;;;;;;;;;;;;;;;;
Argentina;Switch;Cisco;Planta Mendoza;Cocimiento;SWMZACOCIM;10.133.14.20;;;;;;;;;;;;;;;;;
Argentina;Switch;Cisco;Planta Mendoza;Efluente;SWMZAEFLU;10.133.14.21;;;;;;;;;;;;;;;;;
Argentina;Switch;Cisco;Planta Mendoza;Elaboracion;SWMZAELAB;10.133.14.14;;;;;;;;;;;;;;;;;
Argentina;Switch;Cisco;Planta Mendoza;Elaboracion;SWMZAELAB02;10.133.14.15;;;;;;;;;;;;;;;;;
Argentina;Switch;Cisco;Planta Mendoza;GLP;SWMZAGLPGAS;10.133.14.16;;;;;;;;;;;;;;;;;
Argentina;Switch;Cisco;Planta Mendoza;Mantenimiento;SWMZAMANT;10.133.14.12;;;;;;;;;;;;;;;;;
Argentina;Switch;Cisco;Planta Mendoza;Playa Vacios;SWMZAPLAYVAC;10.133.14.18;;;;;;;;;;;;;;;;;
Argentina;Switch;Cisco;Planta Mendoza;Porteria;SWMZAPORT;10.133.14.24;;;;;;;;;;;;;;;;;
Argentina;Switch;Cisco;Planta Mendoza;Produccion;SWMZAPRODUC;10.133.14.13;;;;;;;;;;;;;;;;;
Argentina;Switch;Cisco;Planta Mendoza;SUM;SWMZASUM;10.133.14.25;;;;;;;;;;;;;;;;;
Argentina;Switch;Cisco;Planta Mendoza;Ventas;SWMZAVENT;10.133.14.19;;;;;;;;;;;;;;;;;
Argentina;Switch;Cisco;Planta Quilmes;1890;SWQCAP155-58;10.133.0.155;;;;;;;;;;;;;;;;;
Argentina;Switch;Cisco;Planta Quilmes;Central Telefonica;SWQTEL188-70;10.133.0.188;;;;;;;;;;;;;;;;;
Argentina;Switch;Cisco;Planta Quilmes;CPD Recovery;SWR4506-0;10.133.0.3;;;;;;;;;;;;;;;;;
Argentina;Switch;Cisco;Planta Quilmes;CPD-Compras-Logistica;SWQEDV69-50;10.133.0.69;;;;;;;;;;;;;;;;;
Argentina;Switch;Cisco;Planta Quilmes;CPD-Compras-Logistica;SWQEDV70-50;10.133.0.70;;;;;;;;;;;;;;;;;
Argentina;Switch;Cisco;Planta Quilmes;CPD-Compras-Logistica;SWQEDV71-50;10.133.0.71;;;;;;;;;;;;;;;;;
Argentina;Switch;Cisco;Planta Quilmes;CPD-Compras-Logistica;SWQEDV72-50;10.133.0.72;;;;;;;;;;;;;;;;;
Argentina;Switch;Cisco;Planta Quilmes;CPD-Compras-Logistica;SWQEDV73-50;10.133.0.73;;;;;;;;;;;;;;;;;
Argentina;Switch;Cisco;Planta Quilmes;CPD-Compras-Logistica;SWQEDV74-50;10.133.0.74;;;;;;;;;;;;;;;;;
Argentina;Switch;Cisco;Planta Quilmes;CPD-Compras-Logistica;SWQEDV75-50;10.133.0.75;;;;;;;;;;;;;;;;;
Argentina;Switch;Cisco;Planta Quilmes;CPD-Compras-Logistica;SWQEDV77-50;10.133.0.77;;;;;;;;;;;;;;;;;
Argentina;Switch;Cisco;Planta Quilmes;CSC;SWQEDN141-56;10.133.0.141;;;;;;;;;;;;;;;;;
Argentina;Switch;Cisco;Planta Quilmes;CSC;SWQEDN142-56;10.133.0.142;;;;;;;;;;;;;;;;;
Argentina;Switch;Cisco;Planta Quilmes;CSC;SWQEDN143-56;10.133.0.143;;;;;;;;;;;;;;;;;
Argentina;Switch;Cisco;Planta Quilmes;CSC;SWQEDN144-56;10.133.0.144;;;;;;;;;;;;;;;;;
Argentina;Switch;Cisco;Planta Quilmes;CSC;SWQEDN145-56;10.133.0.145;;;;;;;;;;;;;;;;;
Argentina;Switch;Cisco;Planta Quilmes;CSC;SWQEDN146-56;10.133.0.146;;;;;;;;;;;;;;;;;
Argentina;Switch;Cisco;Planta Quilmes;CSC;SWQEDN147-56;10.133.0.147;;;;;;;;;;;;;;;;;
Argentina;Switch;Cisco;Planta Quilmes;CSC;SWQEDN148-56;10.133.0.148;;;;;;;;;;;;;;;;;
Argentina;Switch;Cisco;Planta Quilmes;CSC;SWQEDN149-56;10.133.0.149;;;;;;;;;;;;;;;;;
Argentina;Switch;Cisco;Planta Quilmes;CSC;SWQEDN150-56;10.133.0.150;;;;;;;;;;;;;;;;;
Argentina;Switch;Cisco;Planta Quilmes;Mancom Sistemas Finanzas;SWQEDN125-55;10.133.0.126;;;;;;;;;;;;;;;;;
Argentina;Switch;Cisco;Planta Quilmes;Mancom Sistemas Finanzas;SWQEDN125-55;10.133.0.127;;;;;;;;;;;;;;;;;
Argentina;Switch;Cisco;Planta Quilmes;Mancom Sistemas Finanzas;SWQEDN125-55;10.133.0.128;;;;;;;;;;;;;;;;;
Argentina;Switch;Cisco;Planta Quilmes;Mancom Sistemas Finanzas;SWQEDN125-55;10.133.0.129;;;;;;;;;;;;;;;;;
Argentina;Switch;Cisco;Planta Quilmes;Mancom Sistemas Finanzas;SWQEDN125-55;10.133.0.130;;;;;;;;;;;;;;;;;
Argentina;Switch;Cisco;Planta Quilmes;Mancom Sistemas Finanzas;SWQEDN125-55;10.133.0.131;;;;;;;;;;;;;;;;;
Argentina;Switch;Cisco;Planta Quilmes;Mancom Sistemas Finanzas;SWQEDN125-55;10.133.0.132;;;;;;;;;;;;;;;;;
Argentina;Switch;Cisco;Planta Quilmes;Mancom Sistemas Finanzas;SWQEDN125-55;10.133.0.133;;;;;;;;;;;;;;;;;
Argentina;Switch;Cisco;Planta Quilmes;Mancom Sistemas Finanzas;SWQEDN125-55;10.133.0.134;;;;;;;;;;;;;;;;;
Argentina;Switch;Cisco;Planta Quilmes;Mancom Sistemas Finanzas;SWQEDN125-55;10.133.0.135;;;;;;;;;;;;;;;;;
Argentina;Switch;Cisco;Planta Quilmes;Mancom Sistemas Finanzas;SWQEDN125-55;10.133.0.136;;;;;;;;;;;;;;;;;
Argentina;Switch;Cisco;Planta Quilmes;Mancom Sistemas Finanzas;SWQEDN125-55;10.133.0.137;;;;;;;;;;;;;;;;;
Argentina;Switch;Cisco;Planta Quilmes;Marketing RRHH;SWQEDV60-52;10.133.0.60;;;;;;;;;;;;;;;;;
Argentina;Switch;Cisco;Planta Quilmes;Marketing RRHH;SWQEDV61-52;10.133.0.61;;;;;;;;;;;;;;;;;
Argentina;Switch;Cisco;Planta Quilmes;Marketing RRHH;SWQEDV62-52;10.133.0.62;;;;;;;;;;;;;;;;;
Argentina;Switch;Cisco;Planta Quilmes;Marketing RRHH;SWQEDV63-52;10.133.0.63;;;;;;;;;;;;;;;;;
Argentina;Switch;Cisco;Planta Quilmes;Marketing RRHH;SWQEDV64-52;10.133.0.64;;;;;;;;;;;;;;;;;
Argentina;Switch;Cisco;Planta Quilmes;Marketing RRHH;SWQEDV65-52;10.133.0.65;;;;;;;;;;;;;;;;;
Argentina;Switch;Cisco;Planta Quilmes;Marketing RRHH;SWQEDV66-52;10.133.0.66;;;;;;;;;;;;;;;;;
Argentina;Switch;Cisco;Planta Quilmes;Marketing RRHH;SWQEDV67-52;10.133.0.67;;;;;;;;;;;;;;;;;
Argentina;Switch;Cisco;Planta Quilmes;Porteria 12 Octubre;SWQP12190-71;10.133.0.190;;;;;;;;;;;;;;;;;
Argentina;Switch;Cisco;Planta Quilmes;Ventas - ECO;SWQEDV79-53;10.133.0.79;;;;;;;;;;;;;;;;;
Argentina;Switch;Cisco;Planta Quilmes;Ventas - ECO;SWQEDV82-53;10.133.0.82;;;;;;;;;;;;;;;;;
Argentina;Switch;Cisco;Planta Quilmes;Ventas - ECO;SWQEDV84-53;10.133.0.84;;;;;;;;;;;;;;;;;
Argentina;Switch;Cisco;Planta Quilmes;Ventas - ECO;SWQEDV85-53;10.133.0.85;;;;;;;;;;;;;;;;;
Argentina;Switch;Cisco;Planta Quilmes;Ventas - ECO;SWQEDV86-53;10.133.0.86;;;;;;;;;;;;;;;;;
Argentina;Switch;Cisco;Planta Quilmes;GSI-Callcenter;SWQGSI213-72;10.133.0.213;;;;;;;;;;;;;;;;;
Argentina;Switch;Cisco;Planta Quilmes;GSI-Callcenter;SWQGSI214-72;10.133.0.214;;;;;;;;;;;;;;;;;
Argentina;Switch;Cisco;Planta Quilmes;GSI-Callcenter;SWQGSI215-72;10.133.0.215;;;;;;;;;;;;;;;;;
Argentina;Switch;Cisco;Planta Quilmes;Ventas - ECO;SWQEDV87-53;10.133.0.87;;;;;;;;;;;;;;;;;
Argentina;Switch;Cisco;Planta Quilmes;Ventas - ECO;SWQEDV88-53;10.133.0.88;;;;;;;;;;;;;;;;;
Argentina;Switch;Cisco;Planta Quilmes;Ventas - ECO;SWQEDV89-53;10.133.0.89;;;;;;;;;;;;;;;;;
Argentina;Switch;Cisco;Planta Quilmes;Ventas - ECO;SWQEDV90-53;10.133.0.90;;;;;;;;;;;;;;;;;
Argentina;Switch;Cisco;Planta Quilmes;CPD Recovery;SWR3750-4;10.133.0.32;;;;;;;;;;;;;;;;;
Argentina;Switch;Cisco;Planta Quilmes;CPD Recovery;SWQPOPSUM;10.133.0.50;;;;;;;;;;;;;;;;;
Argentina;Switch;Cisco;Planta Quilmes;CPD Recovery;SWQREVA-98;10.133.0.98;;;;;;;;;;;;;;;;;
Argentina;Switch;Cisco;Planta Quilmes;CSC;SWQEDN140-56;10.133.0.140;;;;;;;;;;;;;;;;;
Argentina;Switch;Cisco;Planta Quilmes;Mancom Sistemas Finanzas;SWQEDN125-55;10.133.0.125;;;;;;;;;;;;;;;;;
Argentina;Switch;Cisco;Planta Quilmes;Ventas - ECO;SWQEDV100-53;10.133.0.100;;;;;;;;;;;;;;;;;
Bolivia;Router;Cisco;CBN SCZ;Centro de computos;Bolivia 1;10.134.82.10;;;;;;;;;;;;;;;;;
Bolivia;Switch;Cisco;CBN SCZ;Centro de computos;Bolivia 2;10.134.82.11;;;;;;;;;;;;;;;;;
Bolivia;Switch;Cisco;CBN SCZ;Centro de computos;Bolivia 3;10.134.82.11;;;;;;;;;;;;;;;;;
Bolivia;Switch;Cisco;CBN SCZ;Centro de computos;Bolivia 4;10.134.82.12;;;;;;;;;;;;;;;;;
Bolivia;Switch;Cisco;CBN SCZ;Facturacion(Almacenes);Bolivia 5;10.134.82.13;;;;;;;;;;;;;;;;;
Bolivia;Switch;Cisco;CBN SCZ;Laboratorio;Bolivia 6;10.134.82.14;;;;;;;;;;;;;;;;;
Bolivia;Switch;Cisco;CBN SCZ;Control de Calidad;Bolivia 7;10.134.82.15;;;;;;;;;;;;;;;;;
Bolivia;Switch;Cisco;CBN SCZ;Ingenieria Tecnica;Bolivia 8;10.134.82.16;;;;;;;;;;;;;;;;;
Bolivia;Switch;Cisco;CBN SCZ;Adm.Planta Baja-Capacitacion;Bolivia 9;10.134.82.17;;;;;;;;;;;;;;;;;
Bolivia;Switch;Cisco;CBN SCZ;Adm.Planta Alta;Bolivia 10;10.134.82.18;;;;;;;;;;;;;;;;;
Bolivia;Switch;Cisco;CBN SCZ;Cocimiento;Bolivia 11;10.134.82.19;;;;;;;;;;;;;;;;;
Bolivia;Switch;Cisco;CBN SCZ;Logistica;Bolivia 12;10.134.82.27;;;;;;;;;;;;;;;;;
Bolivia;Router;Cisco;OV SCZ;Rack Principal;Bolivia 13;10.134.76.10;;;;;;;;;;;;;;;;;
Bolivia;Switch;Cisco;OV SCZ;Rack Principal;Bolivia 14;10.134.76.11;;;;;;;;;;;;;;;;;
Bolivia;Router;Cisco;SD CBBA;Sala de Computo;Bolivia 15;10.134.78.10;;;;;;;;;;;;;;;;;
Bolivia;Switch;Cisco;SD CBBA;Sala de Computo;Bolivia 16;10.134.78.11;;;;;;;;;;;;;;;;;
Bolivia;Switch;Cisco;SD CBBA;Sala de Computo;Bolivia 17;10.134.78.12;;;;;;;;;;;;;;;;;
Bolivia;Switch;Cisco;SD CBBA;Sala de Computo;Bolivia 18;10.134.78.13;;;;;;;;;;;;;;;;;
Bolivia;Switch;Cisco;SD CBBA;Sala de Computo;Bolivia 19;10.134.78.15;;;;;;;;;;;;;;;;;
Bolivia;Switch;Cisco;SD CBBA;EX MARKETING;Bolivia 20;10.134.78.17;;;;;;;;;;;;;;;;;
Bolivia;Switch;Cisco;SD CBBA;FACTURACION-Ex Ventas;Bolivia 21;10.134.78.18;;;;;;;;;;;;;;;;;
Bolivia;Switch;Cisco;SD CBBA;Sala de Reuniones;Bolivia 22;10.134.78.19;;;;;;;;;;;;;;;;;
Bolivia;Switch;Cisco;SD CBBA;Sala de Reuniones;Bolivia 23;10.134.78.20;;;;;;;;;;;;;;;;;
Bolivia;Switch;Cisco;SD CBBA;LOGISTICA;Bolivia 24;10.134.78.21;;;;;;;;;;;;;;;;;
Bolivia;Switch;Cisco;SD CBBA;GERENCIA;Bolivia 25;10.134.78.22;;;;;;;;;;;;;;;;;
Bolivia;Router;Cisco;OV CBBA;Rack Principal;Bolivia 26;10.134.77.10;;;;;;;;;;;;;;;;;
Bolivia;Switch;Cisco;ASTRA;Ventas planta alta;Bolivia 27;10.134.87.15;;;;;;;;;;;;;;;;;
Bolivia;Switch;Cisco;ASTRA;Centro de computo;Bolivia 28;10.134.87.17;;;;;;;;;;;;;;;;;
Bolivia;Switch;Cisco;ASTRA;Centro de computo;Bolivia 29;10.134.87.11;;;;;;;;;;;;;;;;;
Bolivia;Switch;Cisco;ASTRA;control de calidad;Bolivia 30;10.134.87.12;;;;;;;;;;;;;;;;;
Bolivia;Switch;Cisco;ASTRA;Taller electrico;Bolivia 31;10.134.87.14;;;;;;;;;;;;;;;;;
Bolivia;Router;Cisco;ASTRA;Centro de computo;Bolivia 32;10.134.87.10;;;;;;;;;;;;;;;;;
Bolivia;Router;Cisco;ENALBO;DATA CENTER;Bolivia 33;10.134.86.10;;;;;;;;;;;;;;;;;
Bolivia;Switch;Cisco;ENALBO;DATA CENTER;Bolivia 34;10.134.86.11;;;;;;;;;;;;;;;;;
Bolivia;Switch;Cisco;ENALBO;DATA CENTER;Bolivia 35;10.134.86.14;;;;;;;;;;;;;;;;;
Bolivia;Switch;Cisco;ENALBO;Calidad;Bolivia 36;10.134.86.12;;;;;;;;;;;;;;;;;
Bolivia;Switch;Cisco;ENALBO;Sala Supervisores;Bolivia 37;10.134.86.13;;;;;;;;;;;;;;;;;
Bolivia;Switch;Cisco;ENALBO;CD Enalbo;Bolivia 38;10.134.86.16;;;;;;;;;;;;;;;;;
Bolivia;Router;Cisco;HUARI;DATA CENTER;Bolivia 39;10.134.88.10;;;;;;;;;;;;;;;;;
Bolivia;Switch;Cisco;HUARI;DATA CENTER;Bolivia 40;10.134.88.11;;;;;;;;;;;;;;;;;
Bolivia;Switch;Cisco;HUARI;DATA CENTER;Bolivia 41;10.134.88.14;;;;;;;;;;;;;;;;;
Bolivia;Switch;Cisco;HUARI;Almacen;Bolivia 42;10.134.88.13;;;;;;;;;;;;;;;;;
Bolivia;Switch;Cisco;HUARI;PTE;Bolivia 43;10.134.88.16;;;;;;;;;;;;;;;;;
Bolivia;Router;Cisco;OV ORURO;Rack Principal;Bolivia 44;10.134.87.128;;;;;;;;;;;;;;;;;
Bolivia;Switch;Cisco;OV ORURO;Rack Principal;Bolivia 45;10.134.87.138;;;;;;;;;;;;;;;;;
Bolivia;Router;Cisco;TAQUIÑA;Centro de computos;Bolivia 46;10.134.84.10;;;;;;;;;;;;;;;;;
Bolivia;Switch;Cisco;TAQUIÑA;Centro de computos;Bolivia 47;10.134.84.11;;;;;;;;;;;;;;;;;
Bolivia;Switch;Cisco;TAQUIÑA;Centro de computos;Bolivia 48;10.134.84.12;;;;;;;;;;;;;;;;;
Bolivia;Switch;Cisco;TAQUIÑA;Comercial;Bolivia 49;10.134.84.13;;;;;;;;;;;;;;;;;
Bolivia;Switch;Cisco;TAQUIÑA;Logistica;Bolivia 50;10.134.84.14;;;;;;;;;;;;;;;;;
Bolivia;Switch;Cisco;TAQUIÑA;Porteria Taquiña;Bolivia 51;10.134.84.15;;;;;;;;;;;;;;;;;
Bolivia;Switch;Cisco;TAQUIÑA;Degustacion-Ex Gerencia;Bolivia 52;10.134.84.18;;;;;;;;;;;;;;;;;
Bolivia;Switch;Cisco;TAQUIÑA;Laboratorio;Bolivia 53;10.134.84.19;;;;;;;;;;;;;;;;;
Bolivia;Switch;Cisco;TAQUIÑA;Envasado;Bolivia 54;10.134.84.20;;;;;;;;;;;;;;;;;
Bolivia;Switch;Cisco;TAQUIÑA;Almacenes;Bolivia 55;10.134.84.21;;;;;;;;;;;;;;;;;
Bolivia;Switch;Cisco;TAQUIÑA;Despachos;Bolivia 56;10.134.84.22;;;;;;;;;;;;;;;;;
Bolivia;Switch;Cisco;CBN LA PAZ;SALA DE GERENCIA INDUSTRIAL;Bolivia 57;10.134.80.34;;;;;;;;;;;;;;;;;
Bolivia;Switch;Cisco;CBN LA PAZ;LABORATORIO DE CONTROL DE CALIDAD PISO 1;Bolivia 58;10.134.80.20;;;;;;;;;;;;;;;;;
Bolivia;Switch;Cisco;CBN LA PAZ;SALA DE REUNIONES INGENIERIA- PISO 1;Bolivia 59;10.134.80.21;;;;;;;;;;;;;;;;;
Bolivia;Switch;Cisco;CBN LA PAZ;ALMACENES;Bolivia 60;10.134.80.17;;;;;;;;;;;;;;;;;
Bolivia;Switch;Cisco;CBN LA PAZ;ENVACES VACIOS;Bolivia 61;10.134.80.19;;;;;;;;;;;;;;;;;
Bolivia;Switch;Cisco;CBN LA PAZ;EVENTOS EXTOYOTA;Bolivia 62;10.134.80.22;;;;;;;;;;;;;;;;;
Bolivia;Switch;Cisco;CBN LA PAZ;LOBBY;Bolivia 63;10.134.80.30;;;;;;;;;;;;;;;;;
Bolivia;Switch;Cisco;CBN LA PAZ;ENTRE BAÑOS-PISO-6;Bolivia 64;10.134.80.28;;;;;;;;;;;;;;;;;
Bolivia;Switch;Cisco;CBN LA PAZ;DATACENTER-PROVEDORES-SISTEMAS PISO-6;Bolivia 65;10.134.80.12;;;;;;;;;;;;;;;;;
Bolivia;Switch;Cisco;CBN LA PAZ;DATACENTER-PROVEDORES-SISTEMAS PISO-6;Bolivia 66;10.134.80.25;;;;;;;;;;;;;;;;;
Bolivia;Switch;Cisco;CBN LA PAZ;Logistica Facturacion;Bolivia 67;10.134.80.16;;;;;;;;;;;;;;;;;
Bolivia;Router;Cisco;SD EL ALTO;Centro de computo;Bolivia 68;10.134.85.138;;;;;;;;;;;;;;;;;
Bolivia;Switch;Cisco;SD EL ALTO;Centro de computo;Bolivia 69;10.134.85.139;;;;;;;;;;;;;;;;;
Bolivia;Switch;Cisco;SD EL ALTO;Produccion;Bolivia 70;10.134.85.144;;;;;;;;;;;;;;;;;
Bolivia;Router;Cisco;CD EL ALTO;Centro de computo;Bolivia 71;10.134.85.10;;;;;;;;;;;;;;;;;
Bolivia;Switch;Cisco;CD EL ALTO;Centro de computo;Bolivia 72;10.134.85.11;;;;;;;;;;;;;;;;;
Chile;Router;Cisco;Coquimbo;BALMACEDA 701, BODEGA C5 CENTRO EMPRESARIAL;Chile 1;167.252.93.129;;;;;;;;;;;;;;;;;
Chile;Switch;Cisco;Coquimbo;BALMACEDA 701, BODEGA C5 CENTRO EMPRESARIAL;Chile 2;10.134.93.130;;;;;;;;;;;;;;;;;
Chile;Router;Cisco;Concon;Camino Internacional # 12555, Galpón 1;Chile 3;10.134.93.193;;;;;;;;;;;;;;;;;
Chile;Switch;Cisco;Concon;Camino Internacional # 12555, Galpón 1;Chile 4;10.134.93.194;;;;;;;;;;;;;;;;;
Chile;Router;Cisco;San Antonio;Centro de computos;Chile 5;10.134.94.1;;;;;;;;;;;;;;;;;
Chile;Router;Cisco;Rancagua;Longitudinal Sur #1670 Comuna Rancagua;Chile 6;10.134.94.65;;;;;;;;;;;;;;;;;
Chile;Switch;Cisco;Rancagua;Longitudinal Sur #1670 Comuna Rancagua;Chile 7;10.134.94.66;;;;;;;;;;;;;;;;;
Chile;Router;Cisco;Talca;LONGITUDINAL SUR #1670;Chile 8;10.134.94.129;;;;;;;;;;;;;;;;;
Chile;Switch;Cisco;Talca;LONGITUDINAL SUR #1670;Chile 9;10.134.94.130;;;;;;;;;;;;;;;;;
Chile;Router;Cisco;Chillan;Carretera Norte Km 4, Galpón 10, Chillan;Chile 10;10.134.94.193;;;;;;;;;;;;;;;;;
Chile;Switch;Cisco;Chillan;Carretera Norte Km 4, Galpón 10, Chillan;Chile 11;10.134.94.194;;;;;;;;;;;;;;;;;
Chile;Router;Cisco;Talcahuano;Gran Bretaña 4991;Chile 12;10.132.95.1;;;;;;;;;;;;;;;;;
Chile;Switch;Cisco;Talcahuano;Gran Bretaña 4991;Chile 13;10.134.95.2;;;;;;;;;;;;;;;;;
Chile;Router;Cisco;Los Angeles;Gabriela Mistral 1580, Galpón 18;Chile 14;10.134.95.65;;;;;;;;;;;;;;;;;
Chile;Switch;Cisco;Los Angeles;Gabriela Mistral 1580, Galpón 18;Chile 15;10.134.95.66;;;;;;;;;;;;;;;;;
Chile;Router;Cisco;Temuco;Panamericana Sur Km 652,5;Chile 16;10.134.95.129;;;;;;;;;;;;;;;;;
Chile;Switch;Cisco;Temuco;;Chile 17;10.134.95.130;;;;;;;;;;;;;;;;;
Chile;Router;Cisco;Puerto Montt;Av. Panamericana Sur Km. 1.010, Bodegas San Francisco;Chile 18;10.134.95.193;;;;;;;;;;;;;;;;;
Chile;Switch;Cisco;Puerto Montt;;Chile 19;10.134.95.194;;;;;;;;;;;;;;;;;
Chile;Router;Cisco;Santiago;Panamericana 9600 Quilicura;Chile 20;10.134.90.10;;;;;;;;;;;;;;;;;
Chile;Switch;Cisco;Santiago;Panamericana 9600 Quilicura;Chile 21;10.134.90.11;;;;;;;;;;;;;;;;;
Chile;Switch;Cisco;Santiago;Panamericana 9600 Quilicura;Chile 22;10.134.90.17;;;;;;;;;;;;;;;;;
Chile;Switch;Cisco;Santiago;Panamericana 9600 Quilicura;Chile 23;10.134.90.18;;;;;;;;;;;;;;;;;
Chile;Switch;Cisco;Santiago;Panamericana 9600 Quilicura;Chile 24;10.134.90.19;;;;;;;;;;;;;;;;;
Chile;Switch;Cisco;Santiago;Panamericana 9600 Quilicura;Chile 25;10.134.90.20;;;;;;;;;;;;;;;;;
Chile;Switch;Cisco;Santiago;Panamericana 9600 Quilicura;Chile 26;10.134.90.21;;;;;;;;;;;;;;;;;
Chile;Switch;Cisco;Santiago;Panamericana 9600 Quilicura;Chile 27;10.134.90.22;;;;;;;;;;;;;;;;;
Chile;Switch;Cisco;Santiago;Panamericana 9600 Quilicura;Chile 28;10.134.90.23;;;;;;;;;;;;;;;;;
Chile;Switch;Cisco;Santiago;Panamericana 9600 Quilicura;Chile 29;10.134.90.24;;;;;;;;;;;;;;;;;
Chile;Switch;Cisco;Santiago;Panamericana 9600 Quilicura;Chile 30;10.134.90.25;;;;;;;;;;;;;;;;;
Chile;Switch;Cisco;Santiago;Panamericana 9600 Quilicura;Chile 31;10.134.90.26;;;;;;;;;;;;;;;;;
Chile;Switch;Cisco;Santiago;Panamericana 9600 Quilicura;Chile 32;10.134.90.27;;;;;;;;;;;;;;;;;
Chile;Switch;Cisco;Santiago;Panamericana 9600 Quilicura;Chile 33;10.134.90.28;;;;;;;;;;;;;;;;;
Chile;Switch;Cisco;Santiago;Panamericana 9600 Quilicura;Chile 34;10.134.90.29;;;;;;;;;;;;;;;;;
Chile;Switch;Cisco;Santiago;Panamericana 9600 Quilicura;Chile 35;10.134.90.30;;;;;;;;;;;;;;;;;
Chile;Switch;Cisco;Santiago;Panamericana 9600 Quilicura;Chile 36;10.134.90.31;;;;;;;;;;;;;;;;;
Chile;Switch;Cisco;Santiago;Panamericana 9600 Quilicura;Chile 37;10.134.90.32;;;;;;;;;;;;;;;;;
Chile;Switch;Cisco;Santiago;Panamericana 9600 Quilicura;Chile 38;10.134.90.33;;;;;;;;;;;;;;;;;
Chile;Switch;Cisco;Santiago;Panamericana 9600 Quilicura;Chile 39;10.134.90.34;;;;;;;;;;;;;;;;;
Chile;Switch;Cisco;Santiago;Panamericana 9600 Quilicura;Chile 40;10.134.90.35;;;;;;;;;;;;;;;;;
Chile;Switch;Cisco;Santiago;Panamericana 9600 Quilicura;Chile 41;10.134.90.36;;;;;;;;;;;;;;;;;
Chile;Switch;Cisco;Santiago;Panamericana 9600 Quilicura;Chile 42;10.134.90.37;;;;;;;;;;;;;;;;;
Paraguay;Router;Cisco;Caaguazú;Paraguay 1;Paraguay 1;10.134.68.10;;;;;;;;;;;;;;;;;
Paraguay;Router;Cisco;CDA;Paraguay 2;Paraguay 2;10.134.60.10;;;;;;;;;;;;;;;;;
Paraguay;Router;Cisco;CDA;Paraguay 3;Paraguay 3;10.134.64.10;;;;;;;;;;;;;;;;;
Paraguay;Router;Cisco;CDE;Paraguay 4;Paraguay 4;10.134.69.10;;;;;;;;;;;;;;;;;
Paraguay;Router;Cisco;Concepción;Paraguay 5;Paraguay 5;10.134.65.10;;;;;;;;;;;;;;;;;
Paraguay;Router;Cisco;Encarnación;Paraguay 6;Paraguay 6;10.134.71.10;;;;;;;;;;;;;;;;;
Paraguay;Router;Cisco;OVIEDO;Paraguay 7;Paraguay 7;10.134.66.10;;;;;;;;;;;;;;;;;
Paraguay;Router;Cisco;Villarrica;Paraguay 8;Paraguay 8;10.134.72.10;;;;;;;;;;;;;;;;;
Paraguay;Switch;Cisco;YPANE;Paraguay 9;Paraguay 9;10.134.62.11;;;;;;;;;;;;;;;;;
Paraguay;Switch;Cisco;YPANE;Paraguay 10;Paraguay 10;10.134.62.13;;;;;;;;;;;;;;;;;
Paraguay;Switch;Cisco;YPANE;Paraguay 11;Paraguay 11;10.134.62.14;;;;;;;;;;;;;;;;;
Paraguay;Switch;Cisco;San Lorenzo;Paraguay 12;Paraguay 12;10.134.60.12;;;;;;;;;;;;;;;;;
Paraguay;Switch;Cisco;San Lorenzo;Paraguay 13;Paraguay 13;10.134.60.11;;;;;;;;;;;;;;;;;
Paraguay;Switch;Cisco;San Lorenzo;Paraguay 14;Paraguay 14;10.134.60.18;;;;;;;;;;;;;;;;;
Paraguay;Switch;Cisco;San Lorenzo;Paraguay 15;Paraguay 15;10.134.60.17;;;;;;;;;;;;;;;;;
Paraguay;Switch;Cisco;San Lorenzo;Paraguay 16;Paraguay 16;10.134.60.16;;;;;;;;;;;;;;;;;
Paraguay;Switch;Cisco;San Lorenzo;Paraguay 17;Paraguay 17;10.134.60.19;;;;;;;;;;;;;;;;;
Paraguay;Switch;Cisco;San Lorenzo;Paraguay 18;Paraguay 18;10.134.60.13;;;;;;;;;;;;;;;;;
Paraguay;Switch;Cisco;YPANE;Paraguay 19;Paraguay 19;10.134.62.15;;;;;;;;;;;;;;;;;
Paraguay;Switch;Cisco;YPANE;Paraguay 20;Paraguay 20;10.134.62.16;;;;;;;;;;;;;;;;;
Paraguay;Switch;Cisco;YPANE;Paraguay 21;Paraguay 21;10.134.62.17;;;;;;;;;;;;;;;;;
Paraguay;Switch;Cisco;YPANE;Paraguay 22;Paraguay 22;10.134.62.18;;;;;;;;;;;;;;;;;
Paraguay;Switch;Cisco;YPANE;Paraguay 23;Paraguay 23;10.134.62.19;;;;;;;;;;;;;;;;;
Paraguay;Switch;Cisco;YPANE;Paraguay 24;Paraguay 24;10.134.62.20;;;;;;;;;;;;;;;;;
Paraguay;Switch;Cisco;YPANE;Paraguay 25;Paraguay 25;10.134.62.22;;;;;;;;;;;;;;;;;
Paraguay;Switch;Cisco;YPANE;Paraguay 26;Paraguay 26;10.134.62.23;;;;;;;;;;;;;;;;;
Paraguay;Switch;Cisco;YPANE;Paraguay 27;Paraguay 27;10.134.62.24;;;;;;;;;;;;;;;;;
Paraguay;Switch;Cisco;YPANE;Paraguay 28;Paraguay 28;10.134.62.26;;;;;;;;;;;;;;;;;
Paraguay;Switch;Cisco;YPANE;Paraguay 29;Paraguay 29;10.134.62.27;;;;;;;;;;;;;;;;;
Paraguay;Switch;Cisco;YPANE;Paraguay 30;Paraguay 30;10.134.62.28;;;;;;;;;;;;;;;;;
Paraguay;Switch;Cisco;YPANE;Paraguay 31;Paraguay 31;10.134.62.29;;;;;;;;;;;;;;;;;
Paraguay;Switch;Cisco;YPANE;Paraguay 32;Paraguay 32;10.134.62.30;;;;;;;;;;;;;;;;;
Paraguay;Switch;Cisco;YPANE;Paraguay 33;Paraguay 33;10.134.62.31;;;;;;;;;;;;;;;;;
Paraguay;Switch;Cisco;YPANE;Paraguay 34;Paraguay 34;10.134.62.32;;;;;;;;;;;;;;;;;
Paraguay;Switch;Cisco;YPANE;Paraguay 35;Paraguay 35;10.134.62.33;;;;;;;;;;;;;;;;;
Paraguay;Switch;Cisco;YPANE;Paraguay 36;Paraguay 36;10.134.62.34;;;;;;;;;;;;;;;;;
Paraguay;Switch;Cisco;YPANE;Paraguay 37;Paraguay 37;10.134.62.35;;;;;;;;;;;;;;;;;
Paraguay;Switch;Cisco;YPANE;Paraguay 38;Paraguay 38;10.134.62.36;;;;;;;;;;;;;;;;;
Paraguay;Switch;Cisco;YPANE;Paraguay 39;Paraguay 39;10.134.62.37;;;;;;;;;;;;;;;;;
Paraguay;Switch;Cisco;YPANE;Paraguay 40;Paraguay 40;10.134.62.38;;;;;;;;;;;;;;;;;
Paraguay;Switch;Cisco;YPANE;Paraguay 41;Paraguay 41;10.134.62.39;;;;;;;;;;;;;;;;;
Paraguay;Switch;Cisco;YPANE;Paraguay 42;Paraguay 42;10.134.62.41;;;;;;;;;;;;;;;;;
Paraguay;Switch;Cisco;YPANE;Paraguay 43;Paraguay 43;10.134.62.42;;;;;;;;;;;;;;;;;
Paraguay;Switch;Cisco;YPANE;Paraguay 44;Paraguay 44;10.134.62.43;;;;;;;;;;;;;;;;;
Paraguay;Switch;Cisco;YPANE;Paraguay 45;Paraguay 45;10.134.62.44;;;;;;;;;;;;;;;;;
Paraguay;Router;Cisco;YPANE;Paraguay 46;Paraguay 46;10.134.62.10;;;;;;;;;;;;;;;;;
Paraguay;Router;Cisco;YPANE;Paraguay 47;Paraguay 47;10.137.62.10;;;;;;;;;;;;;;;;;
Paraguay;Router;Cisco;YPANE;Paraguay 48;Paraguay 48;10.137.62.10;;;;;;;;;;;;;;;;;
Uruguay;Switches;Cisco;Entre Rios;Almacen;Uruguay 1;10.134.50.18;;;;;;;;;;;;;;;;;
Uruguay;Switches;Cisco;Entre Rios;Almacen;Uruguay 2;10.134.50.15;;;;;;;;;;;;;;;;;
Uruguay;Switches;Cisco;Entre Rios;Deposito - Ventas;Uruguay 3;10.134.50.37;;;;;;;;;;;;;;;;;
Uruguay;Switches;Cisco;Entre Rios;Deposito - Industrial;Uruguay 4;10.134.50.38;;;;;;;;;;;;;;;;;
Uruguay;Switches;Cisco;Entre Rios;Embotelladora;Uruguay 5;10.134.50.23;;;;;;;;;;;;;;;;;
Uruguay;Switches;Cisco;Entre Rios;Embotelladora;Uruguay 6;10.134.50.25;;;;;;;;;;;;;;;;;
Uruguay;Switches;Cisco;Entre Rios;Industrial;Uruguay 7;10.134.50.21;;;;;;;;;;;;;;;;;
Uruguay;Switches;Cisco;Entre Rios;Industrial;Uruguay 8;10.134.50.29;;;;;;;;;;;;;;;;;
Uruguay;Switches;Cisco;Entre Rios;Sistemas;Uruguay 9;10.134.50.16;;;;;;;;;;;;;;;;;
Uruguay;Switches;Cisco;Entre Rios;Sistemas;Uruguay 10;10.134.50.12;;;;;;;;;;;;;;;;;
Uruguay;Switches;Cisco;Entre Rios;Soplado;Uruguay 11;10.134.50.24;;;;;;;;;;;;;;;;;
Uruguay;Switches;Cisco;Entre Rios;Taller;Uruguay 12;10.134.50.17;;;;;;;;;;;;;;;;;
Uruguay;Switches;Cisco;Entre Rios;Tratamiento de Agua;Uruguay 13;10.134.50.33;;;;;;;;;;;;;;;;;
Uruguay;Switches;Cisco;Ruta1;Cabina PVC;Uruguay 14;10.134.53.14;;;;;;;;;;;;;;;;;
Uruguay;Switches;Cisco;Entre Rios;Soplado;Uruguay 15;10.134.50.36;;;;;;;;;;;;;;;;;
Uruguay;Switches;Cisco;Ruta1;Sistemas;Uruguay 16;10.134.53.12;;;;;;;;;;;;;;;;;
Uruguay;Switches;Cisco;Ruta1;Verificaciones;Uruguay 17;10.134.53.13;;;;;;;;;;;;;;;;;
Uruguay;Switches;Cisco;Entre Rios;Deposito;Uruguay 18;10.134.53.11;;;;;;;;;;;;;;;;;
Uruguay;Switches;Cisco;Entre Rios;Embotelladora;Uruguay 19;10.134.50.28;;;;;;;;;;;;;;;;;
Uruguay;Switches;Cisco;Entre Rios;Industrial;Uruguay 20;10.134.50.20;;;;;;;;;;;;;;;;;
Uruguay;Switches;Cisco;Entre Rios;Sala de Maquina;Uruguay 21;10.134.50.22;;;;;;;;;;;;;;;;;
Uruguay;Switches;Cisco;Entre Rios;Sistemas;Uruguay 22; 10.134.50.30;;;;;;;;;;;;;;;;;
Uruguay;Switches;Cisco;Ruta1;Porteria;Uruguay 23;10.134.53.15 ;;;;;;;;;;;;;;;;;
